"id","order","name","created_at","updated_at","deleted_at"
1,1,"HTML CSS",2022/06/11 0:00:00,2022/06/11 0:00:00,
2,2,"JavaScript",2022/06/11 0:00:00,2022/06/11 0:00:00,
3,3,"PHP",2022/06/11 0:00:00,2022/06/11 0:00:00,
4,4,"Laravel",2022/06/11 0:00:00,2022/06/11 0:00:00,
5,6,"jQuery",2022/06/11 0:00:00,2022/06/11 0:00:00,
6,7,"XAMPP",2022/06/11 0:00:00,2022/06/11 0:00:00,
7,8,"MySQL",2022/06/11 0:00:00,2022/06/11 0:00:00,
8,9,"Git GitHub GitLab",2022/06/11 0:00:00,2022/06/11 0:00:00,
9,10,"CI/CD CircleCI Jenkins",2022/06/11 0:00:00,2022/06/11 0:00:00,
10,11,"サーバー関連",2022/06/11 0:00:00,2022/06/11 0:00:00,
11,12,"その他",2022/06/11 0:00:00,2022/06/11 0:00:00,
12,5,"Ruby on Rails",2022/06/11 0:00:00,2022/06/11 0:00:00,
